station,date,time_gmt,event,height_m
PORTSMOUTH,2026-10-08,02:31,LW,1.24
PORTSMOUTH,2026-10-08,09:58,HW,4.63
PORTSMOUTH,2026-10-08,14:57,LW,1.27
PORTSMOUTH,2026-10-08,21:51,HW,4.51
PORTSMOUTH,2026-10-09,03:15,LW,1.00
PORTSMOUTH,2026-10-09,10:35,HW,4.76
PORTSMOUTH,2026-10-09,15:38,LW,1.03
PORTSMOUTH,2026-10-09,22:27,HW,4.61
PORTSMOUTH,2026-10-10,03:56,LW,0.84
PORTSMOUTH,2026-10-10,11:04,HW,4.80
PORTSMOUTH,2026-10-10,16:18,LW,0.88
PORTSMOUTH,2026-10-10,23:05,HW,4.66
PORTSMOUTH,2026-10-11,04:35,LW,0.80
PORTSMOUTH,2026-10-11,11:37,HW,4.79
PORTSMOUTH,2026-10-11,16:56,LW,0.84
PORTSMOUTH,2026-10-11,23:45,HW,4.65
PORTSMOUTH,2026-10-12,05:12,LW,0.86
PORTSMOUTH,2026-10-12,12:12,HW,4.75
PORTSMOUTH,2026-10-12,17:32,LW,0.90
PORTSMOUTH,2026-10-13,00:25,HW,4.62
PORTSMOUTH,2026-10-13,05:48,LW,1.00
PORTSMOUTH,2026-10-13,12:46,HW,4.68
PORTSMOUTH,2026-10-13,18:07,LW,1.04
PORTSMOUTH,2026-10-14,01:04,HW,4.55
PORTSMOUTH,2026-10-14,06:21,LW,1.19
PORTSMOUTH,2026-10-14,13:20,HW,4.58
PORTSMOUTH,2026-10-14,18:37,LW,1.22
COWES,2026-10-08,02:29,LW,1.30
COWES,2026-10-08,08:52,HW,4.26
COWES,2026-10-08,11:07,HW,4.24
COWES,2026-10-08,14:54,LW,1.29
COWES,2026-10-08,21:04,HW,4.19
COWES,2026-10-08,23:29,HW,4.09
COWES,2026-10-09,03:12,LW,1.03
COWES,2026-10-09,09:30,HW,4.37
COWES,2026-10-09,12:00,HW,4.31
COWES,2026-10-09,15:34,LW,1.04
COWES,2026-10-09,21:46,HW,4.32
COWES,2026-10-10,00:21,HW,4.15
COWES,2026-10-10,03:52,LW,0.85
COWES,2026-10-10,10:31,HW,4.47
COWES,2026-10-10,12:19,HW,4.39
COWES,2026-10-10,16:12,LW,0.90
COWES,2026-10-10,22:41,HW,4.39
COWES,2026-10-11,00:10,HW,4.21
COWES,2026-10-11,04:29,LW,0.80
COWES,2026-10-11,11:04,HW,4.46
COWES,2026-10-11,13:00,HW,4.36
COWES,2026-10-11,16:48,LW,0.87
COWES,2026-10-11,23:16,HW,4.37
COWES,2026-10-12,01:18,HW,4.21
COWES,2026-10-12,05:03,LW,0.86
COWES,2026-10-12,11:38,HW,4.43
COWES,2026-10-12,13:33,HW,4.31
COWES,2026-10-12,17:21,LW,0.93
COWES,2026-10-12,23:53,HW,4.32
COWES,2026-10-13,01:18,HW,4.17
COWES,2026-10-13,05:36,LW,0.99
COWES,2026-10-13,11:52,HW,4.34
COWES,2026-10-13,14:32,HW,4.19
COWES,2026-10-13,17:53,LW,1.05
COWES,2026-10-14,00:30,HW,4.23
COWES,2026-10-14,01:54,HW,4.14
COWES,2026-10-14,06:07,LW,1.18
COWES,2026-10-14,12:22,HW,4.26
COWES,2026-10-14,14:57,HW,4.11
COWES,2026-10-14,18:23,LW,1.20
Bembridge Approaches,2026-10-08,02:33,LW,1.30
Bembridge Approaches,2026-10-08,09:49,HW,4.73
Bembridge Approaches,2026-10-08,14:58,LW,1.33
Bembridge Approaches,2026-10-08,21:42,HW,4.61
Bembridge Approaches,2026-10-09,03:16,LW,1.08
Bembridge Approaches,2026-10-09,10:26,HW,4.86
Bembridge Approaches,2026-10-09,15:39,LW,1.11
Bembridge Approaches,2026-10-09,22:18,HW,4.71
Bembridge Approaches,2026-10-10,03:56,LW,0.94
Bembridge Approaches,2026-10-10,10:54,HW,4.90
Bembridge Approaches,2026-10-10,16:18,LW,0.97
Bembridge Approaches,2026-10-10,22:55,HW,4.76
Bembridge Approaches,2026-10-11,04:35,LW,0.90
Bembridge Approaches,2026-10-11,11:27,HW,4.89
Bembridge Approaches,2026-10-11,16:56,LW,0.94
Bembridge Approaches,2026-10-11,23:35,HW,4.75
Bembridge Approaches,2026-10-12,05:12,LW,0.95
Bembridge Approaches,2026-10-12,12:02,HW,4.85
Bembridge Approaches,2026-10-12,17:32,LW,0.99
Bembridge Approaches,2026-10-13,00:15,HW,4.72
Bembridge Approaches,2026-10-13,05:48,LW,1.08
Bembridge Approaches,2026-10-13,12:36,HW,4.78
Bembridge Approaches,2026-10-13,18:07,LW,1.12
Bembridge Approaches,2026-10-14,00:54,HW,4.65
Bembridge Approaches,2026-10-14,06:22,LW,1.26
Bembridge Approaches,2026-10-14,13:11,HW,4.68
Bembridge Approaches,2026-10-14,18:38,LW,1.28
Yarmouth,2026-10-08,02:03,LW,1.12
Yarmouth,2026-10-08,09:16,HW,2.97
Yarmouth,2026-10-08,14:30,LW,1.14
Yarmouth,2026-10-08,21:11,HW,2.92
Yarmouth,2026-10-09,02:48,LW,0.94
Yarmouth,2026-10-09,09:46,HW,3.03
Yarmouth,2026-10-09,15:11,LW,0.96
Yarmouth,2026-10-09,21:40,HW,2.96
Yarmouth,2026-10-10,03:30,LW,0.83
Yarmouth,2026-10-10,10:09,HW,3.05
Yarmouth,2026-10-10,15:52,LW,0.86
Yarmouth,2026-10-10,22:10,HW,2.98
Yarmouth,2026-10-11,04:09,LW,0.80
Yarmouth,2026-10-11,10:36,HW,3.04
Yarmouth,2026-10-11,16:30,LW,0.83
Yarmouth,2026-10-11,22:42,HW,2.98
Yarmouth,2026-10-12,04:46,LW,0.84
Yarmouth,2026-10-12,11:09,HW,3.02
Yarmouth,2026-10-12,17:06,LW,0.88
Yarmouth,2026-10-12,23:24,HW,2.96
Yarmouth,2026-10-13,05:22,LW,0.94
Yarmouth,2026-10-13,11:49,HW,2.99
Yarmouth,2026-10-13,17:41,LW,0.97
Yarmouth,2026-10-14,00:11,HW,2.93
Yarmouth,2026-10-14,05:54,LW,1.09
Yarmouth,2026-10-14,12:30,HW,2.95
Yarmouth,2026-10-14,18:10,LW,1.10
WARSASH,2026-10-08,02:29,LW,1.45
WARSASH,2026-10-08,08:50,HW,4.33
WARSASH,2026-10-08,11:37,HW,4.44
WARSASH,2026-10-08,14:51,LW,1.46
WARSASH,2026-10-08,21:48,HW,4.38
WARSASH,2026-10-08,23:24,HW,4.37
WARSASH,2026-10-09,03:10,LW,1.19
WARSASH,2026-10-09,10:33,HW,4.57
WARSASH,2026-10-09,11:59,HW,4.62
WARSASH,2026-10-09,15:32,LW,1.20
WARSASH,2026-10-09,22:19,HW,4.46
WARSASH,2026-10-10,00:24,HW,4.44
WARSASH,2026-10-10,03:50,LW,1.01
WARSASH,2026-10-10,10:53,HW,4.61
WARSASH,2026-10-10,12:48,HW,4.65
WARSASH,2026-10-10,16:11,LW,1.04
WARSASH,2026-10-10,22:52,HW,4.49
WARSASH,2026-10-11,01:10,HW,4.46
WARSASH,2026-10-11,04:28,LW,0.94
WARSASH,2026-10-11,11:26,HW,4.60
WARSASH,2026-10-11,13:25,HW,4.62
WARSASH,2026-10-11,16:49,LW,0.99
WARSASH,2026-10-11,23:30,HW,4.47
WARSASH,2026-10-12,01:43,HW,4.44
WARSASH,2026-10-12,05:06,LW,0.98
WARSASH,2026-10-12,12:02,HW,4.56
WARSASH,2026-10-12,13:48,HW,4.57
WARSASH,2026-10-12,17:25,LW,1.06
WARSASH,2026-10-13,00:07,HW,4.43
WARSASH,2026-10-13,02:03,HW,4.42
WARSASH,2026-10-13,05:41,LW,1.13
WARSASH,2026-10-13,12:33,HW,4.50
WARSASH,2026-10-13,14:10,HW,4.51
WARSASH,2026-10-13,18:00,LW,1.21
WARSASH,2026-10-14,00:44,HW,4.38
WARSASH,2026-10-14,02:32,HW,4.40
WARSASH,2026-10-14,06:16,LW,1.34
WARSASH,2026-10-14,13:04,HW,4.43
WARSASH,2026-10-14,14:41,HW,4.43
WARSASH,2026-10-14,18:31,LW,1.40
